Carro,ano,Kilometragem,Valor
Volkswagen Gol 1.0 Mi 3p,1996,35.000 Km,29.990
Sucata Gol Quadrado 89 Cl 1.6 Cht,1989,10.000 Km,11.665
Volkswagen Gol Cl,1989,190.000 Km,10.000
Volkswagen Gol Gl Gol Gl Quadrado,1987,55.000 Km,13.850
Volkswagen Gol Quadrado,1989,25.000 Km,7.500
Volkswagen Cht 1.6,1992,188 Km,8.600
Volkswagen Gol Quadrado 1.8,1992,999.999 Km,11.000
Vw Gol Quadrado,1993,145.000 Km,12.000
Volkswagen Gol Quadrado,1991,308.000 Km,19.999
Volkswagen Gol Quadrado 1600cc,1982,100.000 Km,10.000
Vw Gol Quadrado 93,1993,1.000 Km,11.000
Volkswagen Gol Quadrado,1994,85.000 Km,9.000
Volkswagen Gol Quadrado Cl 1.6,1992,1 Km,8.000
Gol Quadrado 2p 1.6 1994 Motor Ap,1994,458.754 Km,9.000
Gol Quadrado Gol Quadrado Cht,1994,98.000 Km,8.500
Volkswagen Gol Quadrado,1990,440.000 Km,9.000
Volkswagen Quadrado 1.6,1991,21.800 Km,3.000
Volkswagen Gol Quadrado,1988,1.111 Km,8.000
Volkswagen Gol Quadrado 1.6 Álcool,1989,90.000 Km,16.000
Volkswagen Gol Quadrado,1994,500 Km,6.000
Volks Gol Quadrado,1996,200.000 Km,4.000
Volkswagen Gol Quadrado,1991,99.999 Km,10.000
Volkswagen Gol Quadrado,1993,99.999 Km,6.000
Vw Gol Quadrado,1989,180.000 Km,2.500
Volkswagen Gol Gl,1996,140.000 Km,25.000
Volkswagen Gol Gol Quadrado,1989,181.199 Km,7.000
Volkswagen Gl Gl,1994,100.000 Km,20.000
Volkswagen Gol Quadrado,1989,200.000 Km,13.500
Gol Quadrado,1993,63.041 Km,10.500
Volkswagen Gol Cl Cl 1.6 Ae,1993,84.000 Km,27.900
Gol Quadrado,1992,50.000 Km,9.500
Gol Quadrado,1991,23 Km,7.500
Gol Quadrado 1000 Cht,1995,170.000 Km,6.300
Vw Gol Quadrado 86 Gol,1986,128.000 Km,18.900
Volkswagen Gol Quadrado,1991,199.999 Km,20.000
Volkswagen Gol Quadrado Quadrado,1994,105.000 Km,30.000
Volkswagen Gol Gol Quadrado,1988,174.000 Km,9.746
Gol Quadrado Ret Quadrado,1995,400.000 Km,10.000
Gol Quadrado 92 Volkswagen,1992,270.000 Km,5.200
Volkswagen Gol Quadrado 1.6 A.p Quadrado 94,1994,50.000 Km,17.000
Volkswagen Gol Gol Quadrado Cht,1994,75.000 Km,10.800
Gol Quadrado,1994,85.000 Km,14.000
Volkswagen Gol 1.0 Mi 3p,1996,190.000 Km,6.000
Gol Gol Quadrado Gti,1994,11.111 Km,60.000
Gol Quadrado Quadrado,1993,1 Km,12.000
Gol Quadrado Quadrado,1996,200.000 Km,8.000
Volkswagen Gol Quadrado,1994,80.000 Km,9.000
Volkswagen Gol Gol Quadrado,1993,315.256 Km,9.000
Volkswagen Gol Gol Quadrado,1994,90.000 Km,14.000
Volkswagen Gol Gol Quadrado 1.8,1994,893.351 Km,6.100
Volkswagen Gol Gol Quadrado 1.8 Ap,1988,195.000 Km,15.200
Volkswagen Gol Quadrado,1994,192.000 Km,14.250
Volkswagen Gol Quadrada 1995,1996,10.000 Km,4.000
Volkswagen Gol Gol Quadrado,1994,999.000 Km,5.500
Wolksvagem Gol Quadrado 1.8ap,1994,207.449 Km,9.000
Gol Quadrado Gol,1988,111.111 Km,9.000
"Vw Gol Quadrado 1,6 Ap",1989,180.000 Km,4.500
Gol Quadrado,1994,100.000 Km,14.000
Volkswagen- Gol Quadrado,1994,57.777 Km,16.000
Volkswagen Gol Quadrado,1993,111.111 Km,12.000
Gol Cl Quadrado Quadrado,1989,78.356 Km,8.000
Gol Quadrado,1989,250.040 Km,7.500
Volkswagen Gol Quadrado,1993,941.658 Km,8.817
Volkswagen Gol Quadrado Cl 1.6,1990,600.000 Km,9.200
Gol Quadrado,1996,180.000 Km,10.000
Volkswagen Gol Quadrado,1987,200.000 Km,7.000
Gol Quadrado Gol Quadrado,1990,48 Km,1.600
Gol Quadrado,1996,,100
Volkswagen Gol Gol Quadrado,1994,176.000 Km,15.500
Gol Quadrado,1994,,7.000
Gol Quadrado 87 1.6ap,1987,78.000 Km,12.000
Vw Gol Quadrado,1996,200.000 Km,8.500
Gol Quadrado Ano 94 Gol Quadrado,1994,84.176 Km,9.000
Gol Quadrado,1989,100.000 Km,2.500
Vw Gol Quadrado,1992,103 Km,8.000
Vw Gol Quadrado,1990,9.999.999 Km,4.000
Sucata Gol Quadrado Motor Cambio Peças Sucata Gol Quadrado Motor Cambio Peças Lataria Sucata Gol Quadrado Motor Cambio Peças,1989,10.000 Km,5.000
Gol 1.8 Quadrado 1988 Ls,1988,,10.000
